residue name,position,chain,phi,psi
LYS,10,A,-149.312855,142.657714
PRO,11,A,-44.283210,136.002076
LYS,12,A,-119.972621,-168.705263
LEU,13,A,-135.317212,137.143523
LEU,14,A,-104.851467,95.928520
TYR,15,A,-91.504388,123.866914
CYS,16,A,-93.197858,118.520749
SER,17,A,-47.624937,-52.194897
ASN,18,A,-64.047729,105.183729
GLY,19,A,93.478288,-26.252796
GLY,20,A,65.608117,55.368614
HIS,21,A,-120.285687,164.641582
PHE,22,A,-108.721755,134.401022
LEU,23,A,-58.737512,139.619277
ARG,24,A,-141.211524,140.932271
ILE,25,A,-120.996565,91.016899
LEU,26,A,-57.417058,146.825963
PRO,27,A,-49.944645,-25.888991
ASP,28,A,-89.602624,24.246016
GLY,29,A,72.426939,7.659478
THR,30,A,-89.510856,122.702198
VAL,31,A,-99.180463,134.909376
ASP,32,A,-160.454189,-154.096149
GLY,33,A,-140.433679,159.800231
THR,34,A,-151.734663,152.916057
ARG,35,A,-98.047630,-8.908070
ASP,36,A,-75.436342,105.205714
ARG,37,A,-66.425229,-29.871986
SER,38,A,-82.086983,14.093827
ASP,39,A,-78.112058,125.803506
GLN,40,A,-76.318282,22.039575
HIS,41,A,-137.207064,23.184956
ILE,42,A,-109.682946,-0.182449
GLN,43,A,-83.705374,116.800401
LEU,44,A,-124.730550,138.635747
GLN,45,A,-103.665971,120.324584
LEU,46,A,-95.048697,118.519998
SER,47,A,-104.229716,114.109584
ALA,48,A,-82.126215,112.142353
GLU,49,A,-87.178252,-10.458611
SER,50,A,-161.204538,-149.176086
VAL,51,A,-86.819784,-31.681144
GLY,52,A,-122.469112,-4.890135
GLU,53,A,-100.330306,157.321776
VAL,54,A,-150.573116,162.636751
TYR,55,A,-119.059192,133.620232
ILE,56,A,-112.446429,96.164537
LYS,57,A,-115.335095,131.217362
SER,58,A,-61.066531,135.446153
THR,59,A,-79.038639,-39.560094
GLU,60,A,-68.341844,-44.631842
THR,61,A,-110.550291,-9.184944
GLY,62,A,80.391065,0.641749
GLN,63,A,-72.159802,142.335722
TYR,64,A,-93.507422,132.322282
LEU,65,A,-70.143462,131.248131
ALA,66,A,-142.535175,-144.336013
ASP,68,A,-134.533898,178.882451
THR,69,A,-63.186855,-13.870779
ASP,70,A,-98.021128,4.169343
GLY,71,A,80.193440,8.175482
LEU,72,A,-89.792035,139.719765
LEU,73,A,-86.456871,144.725236
TYR,74,A,-155.198986,165.131625
GLY,75,A,-96.885867,111.400100
SER,76,A,-99.721917,145.657715
GLN,77,A,-90.554164,4.081098
THR,78,A,-140.940910,137.392675
PRO,79,A,-76.452014,97.745207
ASN,80,A,-112.064560,-174.177406
GLU,81,A,-63.154191,-28.573945
GLU,82,A,-76.095638,6.877731
CYS,83,A,-112.983190,-6.942720
LEU,84,A,-85.855134,133.271791
PHE,85,A,-133.183198,143.181068
LEU,86,A,-86.853214,126.239154
GLU,87,A,-96.752049,122.383294
ARG,88,A,-124.755642,170.511947
LEU,89,A,-115.615683,129.524505
GLU,90,A,-77.406787,162.477257
GLU,91,A,-71.260700,-2.563807
ASN,92,A,-106.137785,18.579419
HIS,93,A,61.419206,51.440377
TYR,94,A,-122.074593,151.178960
ASN,95,A,-92.253535,133.089022
THR,96,A,-124.052622,137.805234
TYR,97,A,-113.837688,112.910416
ILE,98,A,-106.090311,134.866743
SER,99,A,-55.538718,117.572545
LYS,100,A,-61.232594,-34.925456
LYS,101,A,-66.870630,-56.018509
HIS,102,A,-87.937221,30.902922
ALA,103,A,-54.379974,-53.278506
GLU,104,A,-60.995980,-21.428472
LYS,105,A,-82.127417,-14.568446
ASN,106,A,66.534026,58.577004
TRP,107,A,-107.133182,125.958129
PHE,108,A,-117.449975,175.740976
VAL,109,A,-88.292511,131.600993
GLY,110,A,-160.836699,152.440388
LEU,111,A,-119.470223,135.177839
LYS,112,A,-62.087648,156.682505
LYS,113,A,-58.760111,-30.115537
ASN,114,A,-78.041478,-3.862773
GLY,115,A,110.288648,-31.537123
SER,116,A,-61.662153,164.463271
CYS,117,A,-78.431376,153.236954
LYS,118,A,-103.595276,136.261561
ARG,119,A,-65.339695,136.670006
GLY,120,A,-35.960585,-63.943380
PRO,121,A,-53.054020,-27.254912
ARG,122,A,-84.592517,0.987525
THR,123,A,-107.924013,159.353798
HIS,124,A,-162.810173,152.574652
TYR,125,A,-45.866563,130.300543
GLY,126,A,102.208063,-17.920156
GLN,127,A,-68.128480,167.269987
LYS,128,A,-93.066698,-18.295387
ALA,129,A,-75.811540,-15.956856
ILE,130,A,-100.870575,1.783728
LEU,131,A,-88.836018,102.963312
PHE,132,A,-107.504126,145.580237
LEU,133,A,-126.302675,116.211720
PRO,134,A,-66.751364,94.099782
LEU,135,A,-86.957594,139.631408
PRO,136,A,-83.611208,140.723805
VAL,137,A,-111.959803,148.314895
SER,138,A,44.802541,21.697675
PRO,11,B,-38.693326,126.413182
LYS,12,B,-127.593470,176.551852
LEU,13,B,-126.980796,131.012316
LEU,14,B,-92.568279,110.419899
TYR,15,B,-97.483101,127.935612
CYS,16,B,-105.968799,109.579005
SER,17,B,-51.450531,-45.261004
ASN,18,B,-61.061148,97.563904
GLY,19,B,82.110643,-1.430613
GLY,20,B,41.575552,67.881643
HIS,21,B,-118.706953,173.994273
PHE,22,B,-115.497970,122.175960
LEU,23,B,-48.070285,132.787869
ARG,24,B,-133.910187,129.493210
ILE,25,B,-106.680070,82.445025
LEU,26,B,-57.007457,158.898590
PRO,27,B,-56.180327,-37.507324
ASP,28,B,-80.310830,24.975132
GLY,29,B,76.713294,6.258247
THR,30,B,-85.609567,133.303856
VAL,31,B,-119.556427,132.809712
ASP,32,B,-157.532151,-155.015910
GLY,33,B,-133.157058,159.653496
THR,34,B,-161.612772,146.282923
ARG,35,B,-90.388474,-15.318851
ASP,36,B,-54.588127,94.225002
ARG,37,B,-59.563970,-26.666552
SER,38,B,-81.022517,-6.485868
ASP,39,B,-58.474686,123.575263
GLN,40,B,-62.732844,-5.347509
HIS,41,B,-118.466733,27.842515
ILE,42,B,-115.355721,3.760066
GLN,43,B,-87.083649,110.100474
LEU,44,B,-110.476986,139.758191
GLN,45,B,-109.202508,97.751362
LEU,46,B,-70.084526,118.307439
SER,47,B,-103.674901,118.812604
ALA,48,B,-82.458154,109.014530
GLU,49,B,-85.912797,-31.943138
SER,50,B,-149.069990,-179.856529
VAL,51,B,-54.693476,-21.939751
GLY,52,B,-139.395084,5.915037
GLU,53,B,-107.945657,150.938692
VAL,54,B,-146.983554,159.851374
TYR,55,B,-118.544446,144.984918
ILE,56,B,-122.545627,106.586696
LYS,57,B,-116.269239,140.660927
SER,58,B,-70.871226,143.977977
THR,59,B,-83.268851,-43.050874
GLU,60,B,-67.342000,-34.175179
THR,61,B,-116.072455,-18.463815
GLY,62,B,75.777933,5.799981
GLN,63,B,-76.865602,139.850243
TYR,64,B,-88.620916,149.693355
LEU,65,B,-76.918696,146.606585
ALA,66,B,-159.674085,-150.994792
ASP,68,B,-134.964724,174.854016
THR,69,B,-55.537747,-30.247947
ASP,70,B,-81.590339,0.306996
GLY,71,B,79.031771,25.640937
LEU,72,B,-104.345631,129.795181
LEU,73,B,-71.049759,147.334848
TYR,74,B,-159.512892,165.065227
GLY,75,B,-94.583356,94.820705
SER,76,B,-82.162222,143.452773
GLN,77,B,-86.228999,-25.499805
THR,78,B,-116.886546,132.508626
PRO,79,B,-71.600738,103.019357
ASN,80,B,-117.344116,-171.381087
GLU,81,B,-58.980706,-33.448038
GLU,82,B,-63.693567,-13.144626
CYS,83,B,-102.011838,-6.039254
